measure_id,measure,category,value_type,value,base_n,status
OC-01,"Employed, among surveyed completers with paired employment answers",Before training,percent,47.4,321,published
OC-01,"Employed, among surveyed completers with paired employment answers",At the October 2026 survey,percent,77.9,321,published
OC-01,Employed before training who reported no longer being employed,Share of those employed before training,percent,,,suppressed (small cell)
OC-02,Completers (2014–2023) with no income before training who were earning at the October 2026 survey,Earning,percent,72.3,47,published
OC-02,Completers (2014–2023) with no income before training who were earning at the October 2026 survey,Not earning,percent,27.7,47,published
OC-03,"Median monthly income (USD), ratio of medians 3.00",Before training,median_usd,82,,published; base not stated in the report
OC-03,"Median monthly income (USD), ratio of medians 3.00",At the October 2026 survey,median_usd,245,,published; base not stated in the report
OC-03b,Direction of paired monthly income change,Increased,percent,72.2,277,published
OC-03b,Direction of paired monthly income change,Unchanged,percent,22.0,277,published
OC-03b,Direction of paired monthly income change,Decreased,percent,5.8,277,published
OC-03c,Median individual change in monthly income (USD),Median change,median_usd,82,,published; base not stated in the report
OC-04,"Employment by type, among surveyed completers with paired answers","Salaried employment, before training",percent,38.3,321,published
OC-04,"Employment by type, among surveyed completers with paired answers","Salaried employment, at the October 2026 survey",percent,53.3,321,published
OC-04,"Employment by type, among surveyed completers with paired answers","Freelancing, before training",percent,6.2,321,published
OC-04,"Employment by type, among surveyed completers with paired answers","Freelancing, at the October 2026 survey",percent,14.0,321,published
OC-04,"Employment by type, among surveyed completers with paired answers","Business ownership, before training",percent,,,suppressed (small cell)
OC-04,"Employment by type, among surveyed completers with paired answers","Business ownership, at the October 2026 survey",percent,10.6,321,published
OC-05,Cumulative share of completers who first earned during or after training and started earning by each point (timing only),During the course,percent,23.5,170,published
OC-05,Cumulative share of completers who first earned during or after training and started earning by each point (timing only),Within 3 months,percent,38.2,170,published
OC-05,Cumulative share of completers who first earned during or after training and started earning by each point (timing only),Within 6 months,percent,58.8,170,published
OC-05,Cumulative share of completers who first earned during or after training and started earning by each point (timing only),Within 12 months,percent,77.1,170,published
OC-05,Cumulative share of completers who first earned during or after training and started earning by each point (timing only),Within 2 years,percent,90.6,170,published
OC-06-recommend,Recommendation score (0–10),0–3,percent,9.5,,published; base not stated in the report
OC-06-recommend,Recommendation score (0–10),4,percent,2.9,,published; base not stated in the report
OC-06-recommend,Recommendation score (0–10),5,percent,11.3,,published; base not stated in the report
OC-06-recommend,Recommendation score (0–10),6,percent,4.7,,published; base not stated in the report
OC-06-recommend,Recommendation score (0–10),7,percent,9.5,,published; base not stated in the report
OC-06-recommend,Recommendation score (0–10),8,percent,13.1,,published; base not stated in the report
OC-06-recommend,Recommendation score (0–10),9,percent,5.8,,published; base not stated in the report
OC-06-recommend,Recommendation score (0–10),10,percent,43.3,,published; base not stated in the report
OC-08,Career and education outcomes reported,Freelancing or remote job,percent,19.0,321,published
OC-08,Career and education outcomes reported,New job,percent,11.5,321,published
OC-08,Career and education outcomes reported,Started a business,percent,6.9,321,published
OC-08,Career and education outcomes reported,Better position,percent,6.2,321,published
OC-08,Career and education outcomes reported,Higher education,percent,8.1,321,published
OC-08,Career and education outcomes reported,Promotion,percent,4.4,321,published
OC-08,Career and education outcomes reported,Salary increase,percent,3.4,321,published
OC-08,Career and education outcomes reported,Other or no change,percent,40.5,321,published
OC-07,Main income source,Job in Bangladesh,percent,48.4,,published; base not stated in the report
OC-07,Main income source,Own business,percent,11.6,,published; base not stated in the report
OC-07,Main income source,Freelancing in Bangladesh,percent,6.2,,published; base not stated in the report
OC-07,Main income source,Freelancing for foreign clients,percent,7.1,,published; base not stated in the report
OC-07,Main income source,Job abroad,percent,4.7,,published; base not stated in the report
OC-07,Main income source,Other,percent,16.9,,published; base not stated in the report
OC-07,Main income source,No current income,percent,5.0,,published; base not stated in the report
OC-09-age,Respondents by age group,15–24,percent,15.2,,published; base not stated in the report
OC-09-age,Respondents by age group,25–35,percent,53.5,,published; base not stated in the report
OC-09-age,Respondents by age group,36–45,percent,23.3,,published; base not stated in the report
OC-09-age,Respondents by age group,46 and over,percent,8.0,,published; base not stated in the report
OC-09-education,Respondents by highest education,HSC or below,percent,11.0,,published; base not stated in the report
OC-09-education,Respondents by highest education,Diploma,percent,4.4,,published; base not stated in the report
OC-09-education,Respondents by highest education,Bachelor’s degree,percent,34.2,,published; base not stated in the report
OC-09-education,Respondents by highest education,Master’s degree or higher,percent,50.4,,published; base not stated in the report
OC-09-district,Respondents by district of residence,Dhaka,percent,37.1,,published; base not stated in the report
OC-09-district,Respondents by district of residence,Chattogram,percent,8.2,,published; base not stated in the report
OC-09-district,Respondents by district of residence,Barishal,percent,5.7,,published; base not stated in the report
OC-09-district,Respondents by district of residence,Comilla,percent,3.2,,published; base not stated in the report
OC-09-district,Respondents by district of residence,Narayanganj,percent,3.0,,published; base not stated in the report
OC-09-district,Respondents by district of residence,Other districts,percent,42.8,,published; base not stated in the report
